70000900,QAEV70000900000@MANGO.COM
70000901,QAEV70000901000@MANGO.COM
70000902,QAEV70000902000@MANGO.COM
70000000,QAEV70000000000@MANGO.COM
70000001,QAEV70000001000@MANGO.COM
70000002,QAEV70000002000@MANGO.COM
70000003,QAEV70000003000@MANGO.COM
70000004,QAEV70000004000@MANGO.COM
70000005,QAEV70000005000@MANGO.COM
70000006,QAEV70000006000@MANGO.COM
70000007,QAEV70000007000@MANGO.COM
70000008,QAEV70000008000@MANGO.COM
70000009,QAEV70000009000@MANGO.COM
70000010,QAEV70000010000@MANGO.COM
70000011,QAEV70000011000@MANGO.COM
70000012,QAEV70000012000@MANGO.COM
70000013,QAEV70000013000@MANGO.COM
70000014,QAEV70000014000@MANGO.COM
70000015,QAEV70000015000@MANGO.COM
70000016,QAEV70000016000@MANGO.COM
70000017,QAEV70000017000@MANGO.COM
70000018,QAEV70000018000@MANGO.COM
70000019,QAEV70000019000@MANGO.COM
70000020,QAEV70000020000@MANGO.COM
70000021,QAEV70000021000@MANGO.COM
70000022,QAEV70000022000@MANGO.COM
70000023,QAEV70000023000@MANGO.COM
70000024,QAEV70000024000@MANGO.COM
70000025,QAEV70000025000@MANGO.COM
70000026,QAEV70000026000@MANGO.COM
70000027,QAEV70000027000@MANGO.COM
70000028,QAEV70000028000@MANGO.COM
70000029,QAEV70000029000@MANGO.COM
70000030,QAEV70000030000@MANGO.COM
70000031,QAEV70000031000@MANGO.COM
70000032,QAEV70000032000@MANGO.COM
70000033,QAEV70000033000@MANGO.COM
70000034,QAEV70000034000@MANGO.COM
70000035,QAEV70000035000@MANGO.COM
70000036,QAEV70000036000@MANGO.COM
70000037,QAEV70000037000@MANGO.COM
70000038,QAEV70000038000@MANGO.COM
70000039,QAEV70000039000@MANGO.COM
70000040,QAEV70000040000@MANGO.COM
70000041,QAEV70000041000@MANGO.COM
70000042,QAEV70000042000@MANGO.COM
70000043,QAEV70000043000@MANGO.COM
70000044,QAEV70000044000@MANGO.COM
70000045,QAEV70000045000@MANGO.COM
70000046,QAEV70000046000@MANGO.COM
70000047,QAEV70000047000@MANGO.COM
70000048,QAEV70000048000@MANGO.COM
70000049,QAEV70000049000@MANGO.COM
70000050,QAEV70000050000@MANGO.COM
70000051,QAEV70000051000@MANGO.COM
70000052,QAEV70000052000@MANGO.COM
70000053,QAEV70000053000@MANGO.COM
70000054,QAEV70000054000@MANGO.COM
70000055,QAEV70000055000@MANGO.COM
70000056,QAEV70000056000@MANGO.COM
70000057,QAEV70000057000@MANGO.COM
70000058,QAEV70000058000@MANGO.COM
70000059,QAEV70000059000@MANGO.COM
70000060,QAEV70000060000@MANGO.COM
70000061,QAEV70000061000@MANGO.COM
70000062,QAEV70000062000@MANGO.COM
70000063,QAEV70000063000@MANGO.COM
70000064,QAEV70000064000@MANGO.COM
70000065,QAEV70000065000@MANGO.COM
70000066,QAEV70000066000@MANGO.COM
70000067,QAEV70000067000@MANGO.COM
70000068,QAEV70000068000@MANGO.COM
70000069,QAEV70000069000@MANGO.COM
70000070,QAEV70000070000@MANGO.COM
70000071,QAEV70000071000@MANGO.COM
70000072,QAEV70000072000@MANGO.COM
70000073,QAEV70000073000@MANGO.COM
70000074,QAEV70000074000@MANGO.COM
70000075,QAEV70000075000@MANGO.COM
70000076,QAEV70000076000@MANGO.COM
70000077,QAEV70000077000@MANGO.COM
70000078,QAEV70000078000@MANGO.COM
70000079,QAEV70000079000@MANGO.COM
70000080,QAEV70000080000@MANGO.COM
70000081,QAEV70000081000@MANGO.COM
70000082,QAEV70000082000@MANGO.COM
70000083,QAEV70000083000@MANGO.COM
70000084,QAEV70000084000@MANGO.COM
70000085,QAEV70000085000@MANGO.COM
70000086,QAEV70000086000@MANGO.COM
70000087,QAEV70000087000@MANGO.COM
70000088,QAEV70000088000@MANGO.COM
70000089,QAEV70000089000@MANGO.COM
70000090,QAEV70000090000@MANGO.COM
70000091,QAEV70000091000@MANGO.COM
70000092,QAEV70000092000@MANGO.COM
70000093,QAEV70000093000@MANGO.COM
70000094,QAEV70000094000@MANGO.COM
70000095,QAEV70000095000@MANGO.COM
70000096,QAEV70000096000@MANGO.COM
70000097,QAEV70000097000@MANGO.COM
70000098,QAEV70000098000@MANGO.COM
70000099,QAEV70000099000@MANGO.COM
70000100,QAEV70000100000@MANGO.COM
70000101,QAEV70000101000@MANGO.COM
70000102,QAEV70000102000@MANGO.COM
70000103,QAEV70000103000@MANGO.COM
70000104,QAEV70000104000@MANGO.COM
70000105,QAEV70000105000@MANGO.COM
70000106,QAEV70000106000@MANGO.COM
70000107,QAEV70000107000@MANGO.COM
70000108,QAEV70000108000@MANGO.COM
70000109,QAEV70000109000@MANGO.COM
70000110,QAEV70000110000@MANGO.COM
70000111,QAEV70000111000@MANGO.COM
70000112,QAEV70000112000@MANGO.COM
70000113,QAEV70000113000@MANGO.COM
70000114,QAEV70000114000@MANGO.COM
70000115,QAEV70000115000@MANGO.COM
70000116,QAEV70000116000@MANGO.COM
70000117,QAEV70000117000@MANGO.COM
70000118,QAEV70000118000@MANGO.COM
70000119,QAEV70000119000@MANGO.COM
70000120,QAEV70000120000@MANGO.COM
70000121,QAEV70000121000@MANGO.COM
70000122,QAEV70000122000@MANGO.COM
70000123,QAEV70000123000@MANGO.COM
70000124,QAEV70000124000@MANGO.COM
70000125,QAEV70000125000@MANGO.COM
70000126,QAEV70000126000@MANGO.COM
70000127,QAEV70000127000@MANGO.COM
70000128,QAEV70000128000@MANGO.COM
70000129,QAEV70000129000@MANGO.COM
70000130,QAEV70000130000@MANGO.COM
70000131,QAEV70000131000@MANGO.COM
70000132,QAEV70000132000@MANGO.COM
70000133,QAEV70000133000@MANGO.COM
70000134,QAEV70000134000@MANGO.COM
70000135,QAEV70000135000@MANGO.COM
70000136,QAEV70000136000@MANGO.COM
70000137,QAEV70000137000@MANGO.COM
70000138,QAEV70000138000@MANGO.COM
70000139,QAEV70000139000@MANGO.COM
70000140,QAEV70000140000@MANGO.COM
70000141,QAEV70000141000@MANGO.COM
70000142,QAEV70000142000@MANGO.COM
70000143,QAEV70000143000@MANGO.COM
70000144,QAEV70000144000@MANGO.COM
70000145,QAEV70000145000@MANGO.COM
70000146,QAEV70000146000@MANGO.COM
70000147,QAEV70000147000@MANGO.COM
70000148,QAEV70000148000@MANGO.COM
70000149,QAEV70000149000@MANGO.COM
70000150,QAEV70000150000@MANGO.COM
70000151,QAEV70000151000@MANGO.COM
70000152,QAEV70000152000@MANGO.COM
70000153,QAEV70000153000@MANGO.COM
70000154,QAEV70000154000@MANGO.COM
70000155,QAEV70000155000@MANGO.COM
70000156,QAEV70000156000@MANGO.COM
70000157,QAEV70000157000@MANGO.COM
70000158,QAEV70000158000@MANGO.COM
70000159,QAEV70000159000@MANGO.COM
70000160,QAEV70000160000@MANGO.COM
70000161,QAEV70000161000@MANGO.COM
70000162,QAEV70000162000@MANGO.COM
70000163,QAEV70000163000@MANGO.COM
70000164,QAEV70000164000@MANGO.COM
70000165,QAEV70000165000@MANGO.COM
70000166,QAEV70000166000@MANGO.COM
70000167,QAEV70000167000@MANGO.COM
70000168,QAEV70000168000@MANGO.COM
70000169,QAEV70000169000@MANGO.COM
70000170,QAEV70000170000@MANGO.COM
70000171,QAEV70000171000@MANGO.COM
70000172,QAEV70000172000@MANGO.COM
70000173,QAEV70000173000@MANGO.COM
70000174,QAEV70000174000@MANGO.COM
70000175,QAEV70000175000@MANGO.COM
70000176,QAEV70000176000@MANGO.COM
70000177,QAEV70000177000@MANGO.COM
70000178,QAEV70000178000@MANGO.COM
70000179,QAEV70000179000@MANGO.COM
70000180,QAEV70000180000@MANGO.COM
70000181,QAEV70000181000@MANGO.COM
70000182,QAEV70000182000@MANGO.COM
70000183,QAEV70000183000@MANGO.COM
70000184,QAEV70000184000@MANGO.COM
70000185,QAEV70000185000@MANGO.COM
70000186,QAEV70000186000@MANGO.COM
70000187,QAEV70000187000@MANGO.COM
70000188,QAEV70000188000@MANGO.COM
70000189,QAEV70000189000@MANGO.COM
70000190,QAEV70000190000@MANGO.COM
70000191,QAEV70000191000@MANGO.COM
70000192,QAEV70000192000@MANGO.COM
70000193,QAEV70000193000@MANGO.COM
70000194,QAEV70000194000@MANGO.COM
70000195,QAEV70000195000@MANGO.COM
70000196,QAEV70000196000@MANGO.COM
70000197,QAEV70000197000@MANGO.COM
70000198,QAEV70000198000@MANGO.COM
70000199,QAEV70000199000@MANGO.COM
70000200,QAEV70000200000@MANGO.COM
70000201,QAEV70000201000@MANGO.COM
70000202,QAEV70000202000@MANGO.COM
70000203,QAEV70000203000@MANGO.COM
70000204,QAEV70000204000@MANGO.COM
70000205,QAEV70000205000@MANGO.COM
70000206,QAEV70000206000@MANGO.COM
70000207,QAEV70000207000@MANGO.COM
70000208,QAEV70000208000@MANGO.COM
70000209,QAEV70000209000@MANGO.COM
70000210,QAEV70000210000@MANGO.COM
70000211,QAEV70000211000@MANGO.COM
70000212,QAEV70000212000@MANGO.COM
70000213,QAEV70000213000@MANGO.COM
70000214,QAEV70000214000@MANGO.COM
70000215,QAEV70000215000@MANGO.COM
70000216,QAEV70000216000@MANGO.COM
70000217,QAEV70000217000@MANGO.COM
70000218,QAEV70000218000@MANGO.COM
70000219,QAEV70000219000@MANGO.COM
70000220,QAEV70000220000@MANGO.COM
70000221,QAEV70000221000@MANGO.COM
70000222,QAEV70000222000@MANGO.COM
70000223,QAEV70000223000@MANGO.COM
70000224,QAEV70000224000@MANGO.COM
70000225,QAEV70000225000@MANGO.COM
70000226,QAEV70000226000@MANGO.COM
70000227,QAEV70000227000@MANGO.COM
70000228,QAEV70000228000@MANGO.COM
70000229,QAEV70000229000@MANGO.COM
70000230,QAEV70000230000@MANGO.COM
70000231,QAEV70000231000@MANGO.COM
70000232,QAEV70000232000@MANGO.COM
70000233,QAEV70000233000@MANGO.COM
70000234,QAEV70000234000@MANGO.COM
70000235,QAEV70000235000@MANGO.COM
70000236,QAEV70000236000@MANGO.COM
70000237,QAEV70000237000@MANGO.COM
70000238,QAEV70000238000@MANGO.COM
70000239,QAEV70000239000@MANGO.COM
70000240,QAEV70000240000@MANGO.COM
70000241,QAEV70000241000@MANGO.COM
70000242,QAEV70000242000@MANGO.COM
70000243,QAEV70000243000@MANGO.COM
70000244,QAEV70000244000@MANGO.COM
70000245,QAEV70000245000@MANGO.COM
70000246,QAEV70000246000@MANGO.COM
70000247,QAEV70000247000@MANGO.COM
70000248,QAEV70000248000@MANGO.COM
70000249,QAEV70000249000@MANGO.COM
70000250,QAEV70000250000@MANGO.COM
70000251,QAEV70000251000@MANGO.COM
70000252,QAEV70000252000@MANGO.COM
70000253,QAEV70000253000@MANGO.COM
70000254,QAEV70000254000@MANGO.COM
70000255,QAEV70000255000@MANGO.COM
70000256,QAEV70000256000@MANGO.COM
70000257,QAEV70000257000@MANGO.COM
70000258,QAEV70000258000@MANGO.COM
70000259,QAEV70000259000@MANGO.COM
70000260,QAEV70000260000@MANGO.COM
70000261,QAEV70000261000@MANGO.COM
70000262,QAEV70000262000@MANGO.COM
70000263,QAEV70000263000@MANGO.COM
70000264,QAEV70000264000@MANGO.COM
70000265,QAEV70000265000@MANGO.COM
70000266,QAEV70000266000@MANGO.COM
70000267,QAEV70000267000@MANGO.COM
70000268,QAEV70000268000@MANGO.COM
70000269,QAEV70000269000@MANGO.COM
70000270,QAEV70000270000@MANGO.COM
70000271,QAEV70000271000@MANGO.COM
70000272,QAEV70000272000@MANGO.COM
70000273,QAEV70000273000@MANGO.COM
70000274,QAEV70000274000@MANGO.COM
70000275,QAEV70000275000@MANGO.COM
70000276,QAEV70000276000@MANGO.COM
70000277,QAEV70000277000@MANGO.COM
70000278,QAEV70000278000@MANGO.COM
70000279,QAEV70000279000@MANGO.COM
70000280,QAEV70000280000@MANGO.COM
70000281,QAEV70000281000@MANGO.COM
70000282,QAEV70000282000@MANGO.COM
70000283,QAEV70000283000@MANGO.COM
70000284,QAEV70000284000@MANGO.COM
70000285,QAEV70000285000@MANGO.COM
70000286,QAEV70000286000@MANGO.COM
70000287,QAEV70000287000@MANGO.COM
70000288,QAEV70000288000@MANGO.COM
70000289,QAEV70000289000@MANGO.COM
70000290,QAEV70000290000@MANGO.COM
70000291,QAEV70000291000@MANGO.COM
70000292,QAEV70000292000@MANGO.COM
70000293,QAEV70000293000@MANGO.COM
70000294,QAEV70000294000@MANGO.COM
70000295,QAEV70000295000@MANGO.COM
70000296,QAEV70000296000@MANGO.COM
70000297,QAEV70000297000@MANGO.COM
70000298,QAEV70000298000@MANGO.COM
70000299,QAEV70000299000@MANGO.COM
70000300,QAEV70000300000@MANGO.COM
