60000000,QA00002@MANGO.COM
60000001,QA00001@MANGO.COM
60000002,QA02538@MANGO.COM
60000003,QA54929@MANGO.COM
60000004,QA02540@MANGO.COM
60000005,QA37541@MANGO.COM
60000006,QA02598@MANGO.COM
60000007,QA54989@MANGO.COM
60000008,QA35084@MANGO.COM
60000009,QA35109@MANGO.COM
60000010,QA17535@MANGO.COM
60000011,QA17537@MANGO.COM
60000012,QA00270@MANGO.COM
60000013,QA52658@MANGO.COM
60000014,QA17631@MANGO.COM
60000015,QA52659@MANGO.COM
60000016,QA35320@MANGO.COM
60000017,QA00381@MANGO.COM
60000018,QA52769@MANGO.COM
60000019,QA17740@MANGO.COM
60000020,QA35356@MANGO.COM
60000021,QA17773@MANGO.COM
60000022,QA17776@MANGO.COM
60000023,QA00418@MANGO.COM
60000024,QA17869@MANGO.COM
60000025,QA52897@MANGO.COM
60000026,QA52899@MANGO.COM
60000027,QA52900@MANGO.COM
60000028,QA19785@MANGO.COM
60000029,QA54811@MANGO.COM
60000030,QA02421@MANGO.COM
60000031,QA54812@MANGO.COM
60000032,QA37379@MANGO.COM
60000033,QA19801@MANGO.COM
60000034,QA54827@MANGO.COM
60000035,QA19802@MANGO.COM
60000036,QA37397@MANGO.COM
60000037,QA54844@MANGO.COM
60000038,QA19821@MANGO.COM
60000039,QA54846@MANGO.COM
60000040,QA54860@MANGO.COM
60000041,QA19835@MANGO.COM
60000042,QA37415@MANGO.COM
60000043,QA19837@MANGO.COM
60000044,QA54870@MANGO.COM
60000045,QA19847@MANGO.COM
60000046,QA19849@MANGO.COM
60000047,QA37457@MANGO.COM
60000048,QA37458@MANGO.COM
60000049,QA37459@MANGO.COM
60000050,QA37461@MANGO.COM
60000051,QA37486@MANGO.COM
60000052,QA02542@MANGO.COM
60000053,QA19918@MANGO.COM
60000054,QA02562@MANGO.COM
60000055,QA54990@MANGO.COM
60000056,QA37544@MANGO.COM
60000057,QA02600@MANGO.COM
60000058,QA19966@MANGO.COM
60000059,QA17586@MANGO.COM
60000060,QA17592@MANGO.COM
60000061,QA52623@MANGO.COM
60000062,QA52625@MANGO.COM
60000063,QA00274@MANGO.COM
60000064,QA52661@MANGO.COM
60000065,QA00277@MANGO.COM
60000066,QA17635@MANGO.COM
60000067,QA35323@MANGO.COM
60000068,QA35324@MANGO.COM
60000069,QA00386@MANGO.COM
60000070,QA17746@MANGO.COM
60000071,QA17777@MANGO.COM
60000072,QA35361@MANGO.COM
60000073,QA17780@MANGO.COM
60000074,QA52809@MANGO.COM
60000075,QA17873@MANGO.COM
60000076,QA52903@MANGO.COM
60000077,QA35456@MANGO.COM
60000078,QA52905@MANGO.COM
60000079,QA00220@MANGO.COM
60000080,QA17584@MANGO.COM
60000081,QA17589@MANGO.COM
60000082,QA52616@MANGO.COM
60000083,QA52915@MANGO.COM
60000084,QA17887@MANGO.COM
60000085,QA52917@MANGO.COM
60000086,QA52918@MANGO.COM
60000087,QA02439@MANGO.COM
60000088,QA37384@MANGO.COM
60000089,QA37385@MANGO.COM
60000090,QA54832@MANGO.COM
60000091,QA37400@MANGO.COM
60000092,QA02457@MANGO.COM
60000093,QA19825@MANGO.COM
60000094,QA54852@MANGO.COM
60000095,QA19850@MANGO.COM
60000096,QA19852@MANGO.COM
60000097,QA02485@MANGO.COM
60000098,QA19854@MANGO.COM
60000099,QA02517@MANGO.COM
60000100,QA02519@MANGO.COM
60000101,QA37464@MANGO.COM
60000102,QA19884@MANGO.COM
60000103,QA19928@MANGO.COM
60000104,QA37509@MANGO.COM
60000105,QA19930@MANGO.COM
60000106,QA19931@MANGO.COM
60000107,QA54968@MANGO.COM
60000108,QA54969@MANGO.COM
60000109,QA19943@MANGO.COM
60000110,QA19944@MANGO.COM
60000111,QA02613@MANGO.COM
60000112,QA02617@MANGO.COM
60000113,QA19983@MANGO.COM
60000114,QA37563@MANGO.COM
60000115,QA35179@MANGO.COM
60000116,QA35180@MANGO.COM
60000117,QA35183@MANGO.COM
60000118,QA52631@MANGO.COM
60000119,QA17636@MANGO.COM
60000120,QA52665@MANGO.COM
60000121,QA00281@MANGO.COM
60000122,QA00282@MANGO.COM
60000123,QA35328@MANGO.COM
60000124,QA00389@MANGO.COM
60000125,QA52776@MANGO.COM
60000126,QA00391@MANGO.COM
60000127,QA35364@MANGO.COM
60000128,QA17781@MANGO.COM
60000129,QA52812@MANGO.COM
60000130,QA35367@MANGO.COM
60000131,QA17591@MANGO.COM
60000132,QA00234@MANGO.COM
60000133,QA00238@MANGO.COM
60000134,QA00242@MANGO.COM
60000135,QA17891@MANGO.COM
60000136,QA35474@MANGO.COM
60000137,QA17902@MANGO.COM
60000138,QA35485@MANGO.COM
60000139,QA36115@MANGO.COM
60000140,QA01171@MANGO.COM
60000141,QA53561@MANGO.COM
60000142,QA01174@MANGO.COM
60000143,QA01284@MANGO.COM
60000144,QA53675@MANGO.COM
60000145,QA53676@MANGO.COM
60000146,QA18655@MANGO.COM
60000147,QA19827@MANGO.COM
60000148,QA02462@MANGO.COM
60000149,QA19829@MANGO.COM
60000150,QA19830@MANGO.COM
60000151,QA37417@MANGO.COM
60000152,QA19839@MANGO.COM
60000153,QA37419@MANGO.COM
60000154,QA02487@MANGO.COM
60000155,QA19856@MANGO.COM
60000156,QA02489@MANGO.COM
60000157,QA37434@MANGO.COM
60000158,QA19863@MANGO.COM
60000159,QA02521@MANGO.COM
60000160,QA02523@MANGO.COM
60000161,QA37468@MANGO.COM
60000162,QA19888@MANGO.COM
60000163,QA54958@MANGO.COM
60000164,QA37512@MANGO.COM
60000165,QA02568@MANGO.COM
60000166,QA02567@MANGO.COM
60000167,QA37523@MANGO.COM
60000168,QA02586@MANGO.COM
60000169,QA02588@MANGO.COM
60000170,QA54979@MANGO.COM
60000171,QA37564@MANGO.COM
60000172,QA55012@MANGO.COM
60000173,QA02622@MANGO.COM
60000174,QA37567@MANGO.COM
60000175,QA00248@MANGO.COM
60000176,QA52634@MANGO.COM
60000177,QA17608@MANGO.COM
60000178,QA35190@MANGO.COM
60000179,QA17639@MANGO.COM
60000180,QA17642@MANGO.COM
60000181,QA52671@MANGO.COM
60000182,QA17644@MANGO.COM
60000183,QA17750@MANGO.COM
60000184,QA35334@MANGO.COM
60000185,QA17753@MANGO.COM
60000186,QA35337@MANGO.COM
60000187,QA52813@MANGO.COM
60000188,QA52814@MANGO.COM
60000189,QA35371@MANGO.COM
60000190,QA52817@MANGO.COM
60000191,QA52629@MANGO.COM
60000192,QA00245@MANGO.COM
60000193,QA35184@MANGO.COM
60000194,QA35191@MANGO.COM
60000195,QA52939@MANGO.COM
60000196,QA17912@MANGO.COM
60000197,QA52940@MANGO.COM
60000198,QA52943@MANGO.COM
60000199,QA36119@MANGO.COM
60000200,QA01175@MANGO.COM
60000201,QA53565@MANGO.COM
60000202,QA01177@MANGO.COM
60000203,QA36233@MANGO.COM
60000204,QA53680@MANGO.COM
60000205,QA36252@MANGO.COM
60000206,QA36255@MANGO.COM
60000207,QA36336@MANGO.COM
60000208,QA01392@MANGO.COM
60000209,QA36338@MANGO.COM
60000210,QA18761@MANGO.COM
60000211,QA19841@MANGO.COM
60000212,QA02477@MANGO.COM
60000213,QA19843@MANGO.COM
60000214,QA19845@MANGO.COM
60000215,QA54882@MANGO.COM
60000216,QA02491@MANGO.COM
60000217,QA37437@MANGO.COM
60000218,QA02493@MANGO.COM
60000219,QA19864@MANGO.COM
60000220,QA19866@MANGO.COM
60000221,QA54892@MANGO.COM
60000222,QA54894@MANGO.COM
60000223,QA02525@MANGO.COM
60000224,QA19891@MANGO.COM
60000225,QA02527@MANGO.COM
60000226,QA37473@MANGO.COM
60000227,QA54960@MANGO.COM
60000228,QA02570@MANGO.COM
60000229,QA54961@MANGO.COM
60000230,QA54962@MANGO.COM
60000231,QA37534@MANGO.COM
60000232,QA02589@MANGO.COM
60000233,QA54982@MANGO.COM
60000234,QA37536@MANGO.COM
60000235,QA02620@MANGO.COM
60000236,QA55011@MANGO.COM
60000237,QA02621@MANGO.COM
60000238,QA55013@MANGO.COM
60000239,QA35230@MANGO.COM
60000240,QA35232@MANGO.COM
60000241,QA35243@MANGO.COM
60000242,QA35245@MANGO.COM
60000243,QA17757@MANGO.COM
60000244,QA35341@MANGO.COM
60000245,QA35342@MANGO.COM
60000246,QA00401@MANGO.COM
60000247,QA52818@MANGO.COM
60000248,QA17792@MANGO.COM
60000249,QA35379@MANGO.COM
60000250,QA35383@MANGO.COM
60000251,QA52643@MANGO.COM
60000252,QA35197@MANGO.COM
60000253,QA17618@MANGO.COM
60000254,QA35200@MANGO.COM
60000255,QA52946@MANGO.COM
60000256,QA52949@MANGO.COM
60000257,QA52950@MANGO.COM
60000258,QA53520@MANGO.COM
60000259,QA36124@MANGO.COM
60000260,QA18546@MANGO.COM
60000261,QA36126@MANGO.COM
60000262,QA36127@MANGO.COM
60000263,QA53700@MANGO.COM
60000264,QA53701@MANGO.COM
60000265,QA01313@MANGO.COM
60000266,QA01315@MANGO.COM
60000267,QA18762@MANGO.COM
60000268,QA36342@MANGO.COM
60000269,QA18767@MANGO.COM
60000270,QA53795@MANGO.COM
60000271,QA36900@MANGO.COM
60000272,QA54346@MANGO.COM
60000273,QA36903@MANGO.COM
60000274,QA54349@MANGO.COM
60000275,QA37124@MANGO.COM
60000276,QA02181@MANGO.COM
60000277,QA37127@MANGO.COM
60000278,QA54576@MANGO.COM
60000279,QA37439@MANGO.COM
60000280,QA54886@MANGO.COM
60000281,QA54887@MANGO.COM
60000282,QA19862@MANGO.COM
60000283,QA37448@MANGO.COM
60000284,QA19869@MANGO.COM
60000285,QA02505@MANGO.COM
60000286,QA19871@MANGO.COM
60000287,QA02529@MANGO.COM
60000288,QA02532@MANGO.COM
60000289,QA19896@MANGO.COM
60000290,QA54923@MANGO.COM
60000291,QA37516@MANGO.COM
60000292,QA54963@MANGO.COM
60000293,QA19937@MANGO.COM
60000294,QA02574@MANGO.COM
60000295,QA02591@MANGO.COM
60000296,QA19958@MANGO.COM
60000297,QA37537@MANGO.COM
60000298,QA02593@MANGO.COM
60000299,QA37545@MANGO.COM
60000300,QA02602@MANGO.COM
60000301,QA19969@MANGO.COM
60000302,QA02604@MANGO.COM
60000303,QA35246@MANGO.COM
60000304,QA00307@MANGO.COM
60000305,QA17668@MANGO.COM
60000306,QA35249@MANGO.COM
60000307,QA52789@MANGO.COM
60000308,QA52790@MANGO.COM
60000309,QA17764@MANGO.COM
60000310,QA52793@MANGO.COM
60000311,QA00442@MANGO.COM
60000312,QA17802@MANGO.COM
60000313,QA35387@MANGO.COM
60000314,QA52833@MANGO.COM
60000315,QA52648@MANGO.COM
60000316,QA35202@MANGO.COM
60000317,QA52650@MANGO.COM
60000318,QA17624@MANGO.COM
60000319,QA53524@MANGO.COM
60000320,QA18509@MANGO.COM
60000321,QA01143@MANGO.COM
60000322,QA53533@MANGO.COM
60000323,QA01316@MANGO.COM
60000324,QA53707@MANGO.COM
60000325,QA53713@MANGO.COM
60000326,QA36270@MANGO.COM
60000327,QA36351@MANGO.COM
60000328,QA53797@MANGO.COM
60000329,QA53798@MANGO.COM
60000330,QA18777@MANGO.COM
60000331,QA01960@MANGO.COM
60000332,QA36905@MANGO.COM
60000333,QA01962@MANGO.COM
60000334,QA19330@MANGO.COM
60000335,QA02186@MANGO.COM
60000336,QA19551@MANGO.COM
60000337,QA37132@MANGO.COM
60000338,QA19554@MANGO.COM
60000339,QA19872@MANGO.COM
60000340,QA02509@MANGO.COM
60000341,QA02511@MANGO.COM
60000342,QA54902@MANGO.COM
60000343,QA54925@MANGO.COM
60000344,QA02535@MANGO.COM
60000345,QA37480@MANGO.COM
60000346,QA02537@MANGO.COM
60000347,QA19939@MANGO.COM
60000348,QA37519@MANGO.COM
60000349,QA02576@MANGO.COM
60000350,QA19941@MANGO.COM
60000351,QA54985@MANGO.COM
60000352,QA37540@MANGO.COM
60000353,QA02596@MANGO.COM
60000354,QA19962@MANGO.COM
60000355,QA54995@MANGO.COM
60000356,QA02606@MANGO.COM
60000357,QA37552@MANGO.COM
60000358,QA19976@MANGO.COM
60000359,QA00311@MANGO.COM
60000360,QA00313@MANGO.COM
60000361,QA52700@MANGO.COM
60000362,QA17674@MANGO.COM
60000363,QA35388@MANGO.COM
60000364,QA00453@MANGO.COM
60000365,QA52841@MANGO.COM
60000366,QA52842@MANGO.COM
60000367,QA17627@MANGO.COM
60000368,QA52654@MANGO.COM
60000369,QA35209@MANGO.COM
60000370,QA52657@MANGO.COM
60000371,QA53534@MANGO.COM
60000372,QA01147@MANGO.COM
60000373,QA53537@MANGO.COM
60000374,QA01148@MANGO.COM
60000375,QA36271@MANGO.COM
60000376,QA01336@MANGO.COM
60000377,QA53728@MANGO.COM
60000378,QA36286@MANGO.COM
60000379,QA01410@MANGO.COM
60000380,QA53805@MANGO.COM
60000381,QA18782@MANGO.COM
60000382,QA18785@MANGO.COM
60000383,QA01964@MANGO.COM
60000384,QA54359@MANGO.COM
60000385,QA37001@MANGO.COM
60000386,QA37003@MANGO.COM
60000387,QA02190@MANGO.COM
60000388,QA37135@MANGO.COM
60000389,QA02193@MANGO.COM
60000390,QA19557@MANGO.COM
60000391,QA19655@MANGO.COM
60000392,QA37236@MANGO.COM
60000393,QA54683@MANGO.COM
60000394,QA37238@MANGO.COM
60000395,QA35255@MANGO.COM
60000396,QA00317@MANGO.COM
60000397,QA35258@MANGO.COM
60000398,QA52705@MANGO.COM
60000399,QA35397@MANGO.COM
60000400,QA35399@MANGO.COM
60000401,QA52845@MANGO.COM
60000402,QA17814@MANGO.COM
60000403,QA00273@MANGO.COM
60000404,QA52662@MANGO.COM
60000405,QA35217@MANGO.COM
60000406,QA35218@MANGO.COM
60000407,QA01183@MANGO.COM
60000408,QA36142@MANGO.COM
60000409,QA53596@MANGO.COM
60000410,QA18710@MANGO.COM
60000411,QA18711@MANGO.COM
60000412,QA01345@MANGO.COM
60000413,QA36294@MANGO.COM
60000414,QA36363@MANGO.COM
60000415,QA18786@MANGO.COM
60000416,QA01420@MANGO.COM
60000417,QA18789@MANGO.COM
60000418,QA37008@MANGO.COM
60000419,QA54455@MANGO.COM
60000420,QA37010@MANGO.COM
60000421,QA54457@MANGO.COM
60000422,QA54584@MANGO.COM
60000423,QA54586@MANGO.COM
60000424,QA54587@MANGO.COM
60000425,QA54588@MANGO.COM
60000426,QA37199@MANGO.COM
60000427,QA19619@MANGO.COM
60000428,QA02256@MANGO.COM
60000429,QA02257@MANGO.COM
60000430,QA54739@MANGO.COM
60000431,QA19716@MANGO.COM
60000432,QA37295@MANGO.COM
60000433,QA02351@MANGO.COM
60000434,QA52707@MANGO.COM
60000435,QA00321@MANGO.COM
60000436,QA00322@MANGO.COM
60000437,QA17683@MANGO.COM
60000438,QA35401@MANGO.COM
60000439,QA52847@MANGO.COM
60000440,QA35403@MANGO.COM
60000441,QA17829@MANGO.COM
60000442,QA35219@MANGO.COM
60000443,QA35220@MANGO.COM
60000444,QA17637@MANGO.COM
60000445,QA35221@MANGO.COM
60000446,QA01209@MANGO.COM
60000447,QA36154@MANGO.COM
60000448,QA53601@MANGO.COM
60000449,QA01212@MANGO.COM
60000450,QA36295@MANGO.COM
60000451,QA18719@MANGO.COM
60000452,QA53744@MANGO.COM
60000453,QA18723@MANGO.COM
60000454,QA53812@MANGO.COM
60000455,QA36378@MANGO.COM
60000456,QA18802@MANGO.COM
60000457,QA36381@MANGO.COM
60000458,QA02092@MANGO.COM
60000459,QA54483@MANGO.COM
60000460,QA02098@MANGO.COM
60000461,QA19475@MANGO.COM
60000462,QA19563@MANGO.COM
60000463,QA02200@MANGO.COM
60000464,QA37146@MANGO.COM
60000465,QA54593@MANGO.COM
60000466,QA37202@MANGO.COM
60000467,QA02259@MANGO.COM
60000468,QA37204@MANGO.COM
60000469,QA02262@MANGO.COM
60000470,QA02352@MANGO.COM
60000471,QA19719@MANGO.COM
60000472,QA37296@MANGO.COM
60000473,QA54743@MANGO.COM
60000474,QA19749@MANGO.COM
60000475,QA37328@MANGO.COM
60000476,QA54776@MANGO.COM
60000477,QA19751@MANGO.COM
60000478,QA52710@MANGO.COM
60000479,QA52711@MANGO.COM
60000480,QA00325@MANGO.COM
60000481,QA17687@MANGO.COM
60000482,QA52860@MANGO.COM
60000483,QA35416@MANGO.COM
60000484,QA00474@MANGO.COM
60000485,QA00477@MANGO.COM
60000486,QA00028@MANGO.COM
60000487,QA00035@MANGO.COM
60000488,QA00042@MANGO.COM
60000489,QA35222@MANGO.COM
60000490,QA52669@MANGO.COM
60000491,QA00284@MANGO.COM
60000492,QA35225@MANGO.COM
60000493,QA36157@MANGO.COM
60000494,QA53603@MANGO.COM
60000495,QA01215@MANGO.COM
60000496,QA01216@MANGO.COM
60000497,QA53747@MANGO.COM
60000498,QA53735@MANGO.COM
60000499,QA01362@MANGO.COM
60000500,QA18731@MANGO.COM
60000501,QA01437@MANGO.COM
60000502,QA18805@MANGO.COM
60000503,QA53828@MANGO.COM
60000504,QA53831@MANGO.COM
60000505,QA19476@MANGO.COM
60000506,QA37056@MANGO.COM
60000507,QA54504@MANGO.COM
60000508,QA02129@MANGO.COM
60000509,QA19568@MANGO.COM
60000510,QA37149@MANGO.COM
60000511,QA19570@MANGO.COM
60000512,QA02206@MANGO.COM
60000513,QA37206@MANGO.COM
60000514,QA02264@MANGO.COM
60000515,QA37207@MANGO.COM
60000516,QA02266@MANGO.COM
60000517,QA54685@MANGO.COM
60000518,QA54687@MANGO.COM
60000519,QA19661@MANGO.COM
60000520,QA37230@MANGO.COM
60000521,QA37275@MANGO.COM
60000522,QA19720@MANGO.COM
60000523,QA37298@MANGO.COM
60000524,QA37299@MANGO.COM
60000525,QA02355@MANGO.COM
60000526,QA19752@MANGO.COM
60000527,QA54777@MANGO.COM
60000528,QA37330@MANGO.COM
60000529,QA37331@MANGO.COM
60000530,QA54578@MANGO.COM
60000531,QA54579@MANGO.COM
60000532,QA35419@MANGO.COM
60000533,QA35420@MANGO.COM
60000534,QA52866@MANGO.COM
60000535,QA17837@MANGO.COM
60000536,QA00043@MANGO.COM
60000537,QA00050@MANGO.COM
60000538,QA00051@MANGO.COM
60000539,QA00058@MANGO.COM
60000540,QA35226@MANGO.COM
60000541,QA52673@MANGO.COM
60000542,QA52674@MANGO.COM
60000543,QA52676@MANGO.COM
60000544,QA36093@MANGO.COM
60000545,QA36161@MANGO.COM
60000546,QA01217@MANGO.COM
60000547,QA53609@MANGO.COM
60000548,QA36165@MANGO.COM
60000549,QA01364@MANGO.COM
60000550,QA18733@MANGO.COM
60000551,QA36316@MANGO.COM
60000552,QA18739@MANGO.COM
60000553,QA36786@MANGO.COM
60000554,QA36787@MANGO.COM
60000555,QA54233@MANGO.COM
60000556,QA36789@MANGO.COM
60000557,QA02130@MANGO.COM
60000558,QA37076@MANGO.COM
60000559,QA37077@MANGO.COM
60000560,QA02146@MANGO.COM
60000561,QA02207@MANGO.COM
60000562,QA19571@MANGO.COM
60000563,QA19572@MANGO.COM
60000564,QA54598@MANGO.COM
60000565,QA54657@MANGO.COM
60000566,QA19632@MANGO.COM
60000567,QA54659@MANGO.COM
60000568,QA19634@MANGO.COM
60000569,QA02301@MANGO.COM
60000570,QA37261@MANGO.COM
60000571,QA54708@MANGO.COM
60000572,QA54709@MANGO.COM
60000573,QA02331@MANGO.COM
60000574,QA54722@MANGO.COM
60000575,QA37276@MANGO.COM
60000576,QA54723@MANGO.COM
60000577,QA02356@MANGO.COM
60000578,QA37300@MANGO.COM
60000579,QA37301@MANGO.COM
60000580,QA19723@MANGO.COM
60000581,QA02368@MANGO.COM
60000582,QA37312@MANGO.COM
60000583,QA54759@MANGO.COM
60000584,QA02369@MANGO.COM
60000585,QA02388@MANGO.COM
60000586,QA54779@MANGO.COM
60000587,QA02389@MANGO.COM
60000588,QA19755@MANGO.COM
60000589,QA02189@MANGO.COM
60000590,QA37134@MANGO.COM
60000591,QA54583@MANGO.COM
60000592,QA54590@MANGO.COM
60000593,QA02242@MANGO.COM
60000594,QA37189@MANGO.COM
60000595,QA19610@MANGO.COM
60000596,QA02246@MANGO.COM
60000597,QA00007@MANGO.COM
60000598,QA00011@MANGO.COM
60000599,QA00019@MANGO.COM
60000600,QA00020@MANGO.COM
60000601,QA52714@MANGO.COM
60000602,QA52715@MANGO.COM
60000603,QA17689@MANGO.COM
60000604,QA52717@MANGO.COM
60000605,QA00059@MANGO.COM
60000606,QA00066@MANGO.COM
60000607,QA00067@MANGO.COM
60000608,QA35005@MANGO.COM
60000609,QA00291@MANGO.COM
60000610,QA17651@MANGO.COM
60000611,QA00293@MANGO.COM
60000612,QA52690@MANGO.COM
60000613,QA01151@MANGO.COM
60000614,QA18518@MANGO.COM
60000615,QA53541@MANGO.COM
60000616,QA36099@MANGO.COM
60000617,QA01220@MANGO.COM
60000618,QA01221@MANGO.COM
60000619,QA53613@MANGO.COM
60000620,QA36173@MANGO.COM
60000621,QA18740@MANGO.COM
60000622,QA18742@MANGO.COM
60000623,QA18743@MANGO.COM
60000624,QA36322@MANGO.COM
60000625,QA19214@MANGO.COM
60000626,QA19268@MANGO.COM
60000627,QA19270@MANGO.COM
60000628,QA54299@MANGO.COM
60000629,QA37092@MANGO.COM
60000630,QA54539@MANGO.COM
60000631,QA02153@MANGO.COM
60000632,QA37098@MANGO.COM
60000633,QA02209@MANGO.COM
60000634,QA02211@MANGO.COM
60000635,QA37156@MANGO.COM
60000636,QA37158@MANGO.COM
60000637,QA37214@MANGO.COM
60000638,QA54663@MANGO.COM
60000639,QA54664@MANGO.COM
60000640,QA37217@MANGO.COM
60000641,QA54710@MANGO.COM
60000642,QA54711@MANGO.COM
60000643,QA02321@MANGO.COM
60000644,QA54712@MANGO.COM
60000645,QA19700@MANGO.COM
60000646,QA37279@MANGO.COM
60000647,QA37280@MANGO.COM
60000648,QA37281@MANGO.COM
60000649,QA19724@MANGO.COM
60000650,QA37302@MANGO.COM
60000651,QA37303@MANGO.COM
60000652,QA54750@MANGO.COM
60000653,QA19736@MANGO.COM
60000654,QA54761@MANGO.COM
60000655,QA37314@MANGO.COM
60000656,QA54763@MANGO.COM
60000657,QA02390@MANGO.COM
60000658,QA19757@MANGO.COM
60000659,QA37334@MANGO.COM
60000660,QA54782@MANGO.COM
60000661,QA19575@MANGO.COM
60000662,QA54602@MANGO.COM
60000663,QA37161@MANGO.COM
60000664,QA54609@MANGO.COM
60000665,QA37190@MANGO.COM
60000666,QA54639@MANGO.COM
60000667,QA19614@MANGO.COM
60000668,QA19615@MANGO.COM
60000669,QA00024@MANGO.COM
60000670,QA00033@MANGO.COM
60000671,QA35003@MANGO.COM
60000672,QA00075@MANGO.COM
60000673,QA52718@MANGO.COM
60000674,QA52724@MANGO.COM
60000675,QA52726@MANGO.COM
60000676,QA17706@MANGO.COM
60000677,QA17839@MANGO.COM
60000678,QA00483@MANGO.COM
60000679,QA17841@MANGO.COM
60000680,QA17844@MANGO.COM
60000681,QA01156@MANGO.COM
60000682,QA53546@MANGO.COM
60000683,QA53547@MANGO.COM
60000684,QA36103@MANGO.COM
60000685,QA36178@MANGO.COM
60000686,QA36180@MANGO.COM
60000687,QA18605@MANGO.COM
60000688,QA53626@MANGO.COM
60000689,QA18744@MANGO.COM
60000690,QA18746@MANGO.COM
60000691,QA53771@MANGO.COM
60000692,QA36326@MANGO.COM
60000693,QA54300@MANGO.COM
60000694,QA01911@MANGO.COM
60000695,QA01913@MANGO.COM
60000696,QA36858@MANGO.COM
60000697,QA19520@MANGO.COM
60000698,QA02156@MANGO.COM
60000699,QA54547@MANGO.COM
60000700,QA19524@MANGO.COM
60000701,QA54605@MANGO.COM
60000702,QA54607@MANGO.COM
60000703,QA54610@MANGO.COM
60000704,QA54611@MANGO.COM
60000705,QA02275@MANGO.COM
60000706,QA19640@MANGO.COM
60000707,QA54667@MANGO.COM
60000708,QA02277@MANGO.COM
60000709,QA37267@MANGO.COM
60000710,QA19687@MANGO.COM
60000711,QA37268@MANGO.COM
60000712,QA54715@MANGO.COM
60000713,QA19704@MANGO.COM
60000714,QA02338@MANGO.COM
60000715,QA37283@MANGO.COM
60000716,QA19706@MANGO.COM
60000717,QA02360@MANGO.COM
60000718,QA37304@MANGO.COM
60000719,QA37305@MANGO.COM
60000720,QA54752@MANGO.COM
60000721,QA37317@MANGO.COM
60000722,QA19740@MANGO.COM
60000723,QA54765@MANGO.COM
60000724,QA54766@MANGO.COM
60000725,QA54783@MANGO.COM
60000726,QA37336@MANGO.COM
60000727,QA19760@MANGO.COM
60000728,QA37339@MANGO.COM
60000729,QA19583@MANGO.COM
60000730,QA37169@MANGO.COM
60000731,QA37170@MANGO.COM
60000732,QA19592@MANGO.COM
60000733,QA54642@MANGO.COM
60000734,QA19628@MANGO.COM
60000735,QA02265@MANGO.COM
60000736,QA54656@MANGO.COM
60000737,QA02288@MANGO.COM
60000738,QA37234@MANGO.COM
60000739,QA37235@MANGO.COM
60000740,QA19670@MANGO.COM
60000741,QA54698@MANGO.COM
60000742,QA54699@MANGO.COM
60000743,QA02310@MANGO.COM
60000744,QA35016@MANGO.COM
60000745,QA35048@MANGO.COM
60000746,QA00111@MANGO.COM
60000747,QA00114@MANGO.COM
60000748,QA17619@MANGO.COM
60000749,QA00260@MANGO.COM
60000750,QA52647@MANGO.COM
60000751,QA00346@MANGO.COM
60000752,QA17707@MANGO.COM
60000753,QA17708@MANGO.COM
60000754,QA52739@MANGO.COM
60000755,QA17845@MANGO.COM
60000756,QA35424@MANGO.COM
60000757,QA17846@MANGO.COM
60000758,QA35427@MANGO.COM
60000759,QA35119@MANGO.COM
60000760,QA17541@MANGO.COM
60000761,QA35121@MANGO.COM
60000762,QA35122@MANGO.COM
60000763,QA52692@MANGO.COM
60000764,QA17666@MANGO.COM
60000765,QA17667@MANGO.COM
60000766,QA52694@MANGO.COM
60000767,QA36214@MANGO.COM
60000768,QA53661@MANGO.COM
60000769,QA18642@MANGO.COM
60000770,QA18643@MANGO.COM
60000771,QA36328@MANGO.COM
60000772,QA18751@MANGO.COM
60000773,QA36330@MANGO.COM
60000774,QA01386@MANGO.COM
60000775,QA54304@MANGO.COM
60000776,QA01915@MANGO.COM
60000777,QA01917@MANGO.COM
60000778,QA36890@MANGO.COM
60000779,QA02160@MANGO.COM
60000780,QA02161@MANGO.COM
60000781,QA02162@MANGO.COM
60000782,QA54554@MANGO.COM
60000783,QA19586@MANGO.COM
60000784,QA37166@MANGO.COM
60000785,QA54613@MANGO.COM
60000786,QA37167@MANGO.COM
60000787,QA54670@MANGO.COM
60000788,QA19644@MANGO.COM
60000789,QA19645@MANGO.COM
60000790,QA02282@MANGO.COM
60000791,QA02325@MANGO.COM
60000792,QA54716@MANGO.COM
60000793,QA02326@MANGO.COM
60000794,QA19690@MANGO.COM
60000795,QA37284@MANGO.COM
60000796,QA37285@MANGO.COM
60000797,QA02341@MANGO.COM
60000798,QA54732@MANGO.COM
60000799,QA19728@MANGO.COM
60000800,QA37306@MANGO.COM
60000801,QA37307@MANGO.COM
60000802,QA54754@MANGO.COM
60000803,QA54767@MANGO.COM
60000804,QA02377@MANGO.COM
60000805,QA37321@MANGO.COM
60000806,QA19744@MANGO.COM
60000807,QA54785@MANGO.COM
60000808,QA02398@MANGO.COM
60000809,QA37343@MANGO.COM
60000810,QA02400@MANGO.COM
60000811,QA54620@MANGO.COM
60000812,QA54622@MANGO.COM
60000813,QA02232@MANGO.COM
60000814,QA19597@MANGO.COM
60000815,QA37211@MANGO.COM
60000816,QA02267@MANGO.COM
60000817,QA02268@MANGO.COM
60000818,QA02270@MANGO.COM
60000819,QA19656@MANGO.COM
60000820,QA02292@MANGO.COM
60000821,QA02294@MANGO.COM
60000822,QA19658@MANGO.COM
60000823,QA19674@MANGO.COM
60000824,QA19675@MANGO.COM
60000825,QA54703@MANGO.COM
60000826,QA19677@MANGO.COM
60000827,QA54816@MANGO.COM
60000828,QA02426@MANGO.COM
60000829,QA37371@MANGO.COM
60000830,QA00115@MANGO.COM
60000831,QA35057@MANGO.COM
60000832,QA00119@MANGO.COM
60000833,QA35059@MANGO.COM
60000834,QA35201@MANGO.COM
60000835,QA52649@MANGO.COM
60000836,QA35203@MANGO.COM
60000837,QA17625@MANGO.COM
60000838,QA00371@MANGO.COM
60000839,QA00373@MANGO.COM
60000840,QA52760@MANGO.COM
60000841,QA00374@MANGO.COM
60000842,QA35430@MANGO.COM
60000843,QA00492@MANGO.COM
60000844,QA52880@MANGO.COM
60000845,QA17859@MANGO.COM
60000846,QA52569@MANGO.COM
60000847,QA52570@MANGO.COM
60000848,QA00187@MANGO.COM
60000849,QA17568@MANGO.COM
60000850,QA52906@MANGO.COM
60000851,QA52907@MANGO.COM
60000852,QA35461@MANGO.COM
60000853,QA17881@MANGO.COM
60000854,QA53549@MANGO.COM
60000855,QA01160@MANGO.COM
60000856,QA53551@MANGO.COM
60000857,QA01162@MANGO.COM
60000858,QA36219@MANGO.COM
60000859,QA53664@MANGO.COM
60000860,QA53666@MANGO.COM
60000861,QA18647@MANGO.COM
60000862,QA54336@MANGO.COM
60000863,QA01949@MANGO.COM
60000864,QA54339@MANGO.COM
60000865,QA54340@MANGO.COM
60000866,QA19530@MANGO.COM
60000867,QA19541@MANGO.COM
60000868,QA02178@MANGO.COM
60000869,QA19543@MANGO.COM
60000870,QA02223@MANGO.COM
60000871,QA54615@MANGO.COM
60000872,QA02225@MANGO.COM
60000873,QA19593@MANGO.COM
60000874,QA54674@MANGO.COM
60000875,QA02284@MANGO.COM
60000876,QA02285@MANGO.COM
60000877,QA19650@MANGO.COM
60000878,QA54717@MANGO.COM
60000879,QA19691@MANGO.COM
60000880,QA37272@MANGO.COM
60000881,QA54719@MANGO.COM
60000882,QA19708@MANGO.COM
60000883,QA19709@MANGO.COM
60000884,QA02344@MANGO.COM
60000885,QA37289@MANGO.COM
60000886,QA02364@MANGO.COM
60000887,QA37308@MANGO.COM
60000888,QA37309@MANGO.COM
60000889,QA02365@MANGO.COM
60000890,QA54769@MANGO.COM
60000891,QA37322@MANGO.COM
60000892,QA54770@MANGO.COM
60000893,QA54771@MANGO.COM
60000894,QA37345@MANGO.COM
60000895,QA37346@MANGO.COM
60000896,QA19769@MANGO.COM
60000897,QA02404@MANGO.COM
60000898,QA54568@MANGO.COM
60000899,QA54570@MANGO.COM
60000900,QA54571@MANGO.COM
60000901,QA19546@MANGO.COM
60000902,QA19598@MANGO.COM
60000903,QA19600@MANGO.COM
60000904,QA02236@MANGO.COM
60000905,QA19601@MANGO.COM
60000906,QA37215@MANGO.COM
60000907,QA37223@MANGO.COM
60000908,QA02279@MANGO.COM
60000909,QA02280@MANGO.COM
60000910,QA19660@MANGO.COM
60000911,QA37241@MANGO.COM
60000912,QA02298@MANGO.COM
60000913,QA37244@MANGO.COM
60000914,QA19678@MANGO.COM
60000915,QA37260@MANGO.COM
60000916,QA54806@MANGO.COM
60000917,QA37361@MANGO.COM
60000918,QA19793@MANGO.COM
60000919,QA37372@MANGO.COM
60000920,QA02429@MANGO.COM
60000921,QA37373@MANGO.COM
60000922,QA54836@MANGO.COM
60000923,QA02446@MANGO.COM
60000924,QA54838@MANGO.COM
60000925,QA19813@MANGO.COM
60000926,QA52507@MANGO.COM
60000927,QA35063@MANGO.COM
60000928,QA52505@MANGO.COM
60000929,QA35082@MANGO.COM
60000930,QA17626@MANGO.COM
60000931,QA00267@MANGO.COM
60000932,QA52653@MANGO.COM
60000933,QA52655@MANGO.COM
60000934,QA35313@MANGO.COM
60000935,QA35314@MANGO.COM
60000936,QA35318@MANGO.COM
60000937,QA00379@MANGO.COM
60000938,QA52794@MANGO.COM
60000939,QA52796@MANGO.COM
60000940,QA00412@MANGO.COM
60000941,QA52893@MANGO.COM
60000942,QA52894@MANGO.COM
60000943,QA52895@MANGO.COM
60000944,QA35449@MANGO.COM
60000945,QA17575@MANGO.COM
60000946,QA00217@MANGO.COM
60000947,QA35156@MANGO.COM
60000948,QA52604@MANGO.COM
60000949,QA52911@MANGO.COM
60000950,QA00524@MANGO.COM
60000951,QA35466@MANGO.COM
60000952,QA17886@MANGO.COM
60000953,QA01166@MANGO.COM
60000954,QA01167@MANGO.COM
60000955,QA18534@MANGO.COM
60000956,QA01170@MANGO.COM
60000957,QA36225@MANGO.COM
60000958,QA01282@MANGO.COM
60000959,QA53673@MANGO.COM
60000960,QA01283@MANGO.COM
60000961,QA36332@MANGO.COM
60000962,QA01388@MANGO.COM
60000963,QA18756@MANGO.COM
60000964,QA18757@MANGO.COM
60000965,QA01951@MANGO.COM
60000966,QA36896@MANGO.COM
60000967,QA54342@MANGO.COM
60000968,QA01955@MANGO.COM
60000969,QA37191@MANGO.COM
60000970,QA54638@MANGO.COM
60000971,QA02249@MANGO.COM
60000972,QA02250@MANGO.COM
60000973,QA02287@MANGO.COM
60000974,QA37232@MANGO.COM
60000975,QA37233@MANGO.COM
60000976,QA54681@MANGO.COM
60000977,QA37273@MANGO.COM
60000978,QA02329@MANGO.COM
60000979,QA19694@MANGO.COM
60000980,QA37274@MANGO.COM
60000981,QA37291@MANGO.COM
60000982,QA02347@MANGO.COM
60000983,QA19712@MANGO.COM
60000984,QA02348@MANGO.COM
60000985,QA19732@MANGO.COM
60000986,QA37310@MANGO.COM
60000987,QA37311@MANGO.COM
60000988,QA19734@MANGO.COM
60000989,QA37325@MANGO.COM
60000990,QA19748@MANGO.COM
60000991,QA54773@MANGO.COM
60000992,QA37326@MANGO.COM
60000993,QA02405@MANGO.COM
60000994,QA37350@MANGO.COM
60000995,QA37351@MANGO.COM
60000996,QA54804@MANGO.COM
60000997,QA37126@MANGO.COM
60000998,QA19548@MANGO.COM
60000999,QA02185@MANGO.COM
